{"parameters": {"bootstrap": true, "ccp_alpha": 0.0, "criterion": "squared_error", "max_depth": 20, "max_features": "auto", "max_leaf_nodes": null, "max_samples": null, "min_impurity_decrease": 0.0, "min_samples_leaf": 10, "min_samples_split": 2, "min_weight_fraction_leaf": 0.0, "n_estimators": 100, "n_jobs": null, "oob_score": false, "random_state": 111, "verbose": 0, "warm_start": false}}
[DecisionTreeRegressor(max_depth=20, max_features='auto', min_samples_leaf=10,
                      random_state=481767252), DecisionTreeRegressor(max_depth=20, max_features='auto', min_samples_leaf=10,
                      random_state=518650732), DecisionTreeRegressor(max_depth=20, max_features='auto', min_samples_leaf=10,
                      random_state=726149076), DecisionTreeRegressor(max_depth=20, max_features='auto', min_samples_leaf=10,
                      random_state=1296175828), DecisionTreeRegressor(max_depth=20, max_features='auto', min_samples_leaf=10,
                      random_state=1872859222), DecisionTreeRegressor(max_depth=20, max_features='auto', min_samples_leaf=10,
                      random_state=1520016659), DecisionTreeRegressor(max_depth=20, max_features='auto', min_samples_leaf=10,
                      random_state=1156473513), DecisionTreeRegressor(max_depth=20, max_features='auto', min_samples_leaf=10,
                      random_state=1278680386), DecisionTreeRegressor(max_depth=20, max_features='auto', min_samples_leaf=10,
                      random_state=1268412534), DecisionTreeRegressor(max_depth=20, max_features='auto', min_samples_leaf=10,
                      random_state=1622906834), DecisionTreeRegressor(max_depth=20, max_features='auto', min_samples_leaf=10,
                      random_state=640650024), DecisionTreeRegressor(max_depth=20, max_features='auto', min_samples_leaf=10,
                      random_state=897749959), DecisionTreeRegressor(max_depth=20, max_features='auto', min_samples_leaf=10,
                      random_state=96543673), DecisionTreeRegressor(max_depth=20, max_features='auto', min_samples_leaf=10,
                      random_state=642372615), DecisionTreeRegressor(max_depth=20, max_features='auto', min_samples_leaf=10,
                      random_state=1804850444), DecisionTreeRegressor(max_depth=20, max_features='auto', min_samples_leaf=10,
                      random_state=436808970), DecisionTreeRegressor(max_depth=20, max_features='auto', min_samples_leaf=10,
                      random_state=1025131969), DecisionTreeRegressor(max_depth=20, max_features='auto', min_samples_leaf=10,
                      random_state=911705968), DecisionTreeRegressor(max_depth=20, max_features='auto', min_samples_leaf=10,
                      random_state=1450222296), DecisionTreeRegressor(max_depth=20, max_features='auto', min_samples_leaf=10,
                      random_state=1805800732), DecisionTreeRegressor(max_depth=20, max_features='auto', min_samples_leaf=10,
                      random_state=2107593998), DecisionTreeRegressor(max_depth=20, max_features='auto', min_samples_leaf=10,
                      random_state=446835106), DecisionTreeRegressor(max_depth=20, max_features='auto', min_samples_leaf=10,
                      random_state=1021027349), DecisionTreeRegressor(max_depth=20, max_features='auto', min_samples_leaf=10,
                      random_state=120077878), DecisionTreeRegressor(max_depth=20, max_features='auto', min_samples_leaf=10,
                      random_state=348719816), DecisionTreeRegressor(max_depth=20, max_features='auto', min_samples_leaf=10,
                      random_state=1210404901), DecisionTreeRegressor(max_depth=20, max_features='auto', min_samples_leaf=10,
                      random_state=728427468), DecisionTreeRegressor(max_depth=20, max_features='auto', min_samples_leaf=10,
                      random_state=625868518), DecisionTreeRegressor(max_depth=20, max_features='auto', min_samples_leaf=10,
                      random_state=520734394), DecisionTreeRegressor(max_depth=20, max_features='auto', min_samples_leaf=10,
                      random_state=764713228), DecisionTreeRegressor(max_depth=20, max_features='auto', min_samples_leaf=10,
                      random_state=1177909933), DecisionTreeRegressor(max_depth=20, max_features='auto', min_samples_leaf=10,
                      random_state=946173893), DecisionTreeRegressor(max_depth=20, max_features='auto', min_samples_leaf=10,
                      random_state=2002405710), DecisionTreeRegressor(max_depth=20, max_features='auto', min_samples_leaf=10,
                      random_state=1636640287), DecisionTreeRegressor(max_depth=20, max_features='auto', min_samples_leaf=10,
                      random_state=508385624), DecisionTreeRegressor(max_depth=20, max_features='auto', min_samples_leaf=10,
                      random_state=533592006), DecisionTreeRegressor(max_depth=20, max_features='auto', min_samples_leaf=10,
                      random_state=317645325), DecisionTreeRegressor(max_depth=20, max_features='auto', min_samples_leaf=10,
                      random_state=978029106), DecisionTreeRegressor(max_depth=20, max_features='auto', min_samples_leaf=10,
                      random_state=1721311979), DecisionTreeRegressor(max_depth=20, max_features='auto', min_samples_leaf=10,
                      random_state=1151102422), DecisionTreeRegressor(max_depth=20, max_features='auto', min_samples_leaf=10,
                      random_state=1262559556), DecisionTreeRegressor(max_depth=20, max_features='auto', min_samples_leaf=10,
                      random_state=2081505763), DecisionTreeRegressor(max_depth=20, max_features='auto', min_samples_leaf=10,
                      random_state=1462735517), DecisionTreeRegressor(max_depth=20, max_features='auto', min_samples_leaf=10,
                      random_state=2050980583), DecisionTreeRegressor(max_depth=20, max_features='auto', min_samples_leaf=10,
                      random_state=1353805705), DecisionTreeRegressor(max_depth=20, max_features='auto', min_samples_leaf=10,
                      random_state=1236909226), DecisionTreeRegressor(max_depth=20, max_features='auto', min_samples_leaf=10,
                      random_state=2108635027), DecisionTreeRegressor(max_depth=20, max_features='auto', min_samples_leaf=10,
                      random_state=842438241), DecisionTreeRegressor(max_depth=20, max_features='auto', min_samples_leaf=10,
                      random_state=331888550), DecisionTreeRegressor(max_depth=20, max_features='auto', min_samples_leaf=10,
                      random_state=1476617787), DecisionTreeRegressor(max_depth=20, max_features='auto', min_samples_leaf=10,
                      random_state=1347618648), DecisionTreeRegressor(max_depth=20, max_features='auto', min_samples_leaf=10,
                      random_state=971529701), DecisionTreeRegressor(max_depth=20, max_features='auto', min_samples_leaf=10,
                      random_state=1809546500), DecisionTreeRegressor(max_depth=20, max_features='auto', min_samples_leaf=10,
                      random_state=1160954129), DecisionTreeRegressor(max_depth=20, max_features='auto', min_samples_leaf=10,
                      random_state=117888074), DecisionTreeRegressor(max_depth=20, max_features='auto', min_samples_leaf=10,
                      random_state=1307202539), DecisionTreeRegressor(max_depth=20, max_features='auto', min_samples_leaf=10,
                      random_state=1950502027), DecisionTreeRegressor(max_depth=20, max_features='auto', min_samples_leaf=10,
                      random_state=1916743345), DecisionTreeRegressor(max_depth=20, max_features='auto', min_samples_leaf=10,
                      random_state=452372071), DecisionTreeRegressor(max_depth=20, max_features='auto', min_samples_leaf=10,
                      random_state=1589678936), DecisionTreeRegressor(max_depth=20, max_features='auto', min_samples_leaf=10,
                      random_state=1362449787), DecisionTreeRegressor(max_depth=20, max_features='auto', min_samples_leaf=10,
                      random_state=1880899707), DecisionTreeRegressor(max_depth=20, max_features='auto', min_samples_leaf=10,
                      random_state=849234151), DecisionTreeRegressor(max_depth=20, max_features='auto', min_samples_leaf=10,
                      random_state=1288545257), DecisionTreeRegressor(max_depth=20, max_features='auto', min_samples_leaf=10,
                      random_state=280398670), DecisionTreeRegressor(max_depth=20, max_features='auto', min_samples_leaf=10,
                      random_state=1028156124), DecisionTreeRegressor(max_depth=20, max_features='auto', min_samples_leaf=10,
                      random_state=1177797254), DecisionTreeRegressor(max_depth=20, max_features='auto', min_samples_leaf=10,
                      random_state=217686238), DecisionTreeRegressor(max_depth=20, max_features='auto', min_samples_leaf=10,
                      random_state=2140928429), DecisionTreeRegressor(max_depth=20, max_features='auto', min_samples_leaf=10,
                      random_state=1484680379), DecisionTreeRegressor(max_depth=20, max_features='auto', min_samples_leaf=10,
                      random_state=592886110), DecisionTreeRegressor(max_depth=20, max_features='auto', min_samples_leaf=10,
                      random_state=986224093), DecisionTreeRegressor(max_depth=20, max_features='auto', min_samples_leaf=10,
                      random_state=495706623), DecisionTreeRegressor(max_depth=20, max_features='auto', min_samples_leaf=10,
                      random_state=1492627656), DecisionTreeRegressor(max_depth=20, max_features='auto', min_samples_leaf=10,
                      random_state=2083215067), DecisionTreeRegressor(max_depth=20, max_features='auto', min_samples_leaf=10,
                      random_state=1271563328), DecisionTreeRegressor(max_depth=20, max_features='auto', min_samples_leaf=10,
                      random_state=1739577857), DecisionTreeRegressor(max_depth=20, max_features='auto', min_samples_leaf=10,
                      random_state=155366537), DecisionTreeRegressor(max_depth=20, max_features='auto', min_samples_leaf=10,
                      random_state=978604428), DecisionTreeRegressor(max_depth=20, max_features='auto', min_samples_leaf=10,
                      random_state=254636675), DecisionTreeRegressor(max_depth=20, max_features='auto', min_samples_leaf=10,
                      random_state=1386475236), DecisionTreeRegressor(max_depth=20, max_features='auto', min_samples_leaf=10,
                      random_state=623956141), DecisionTreeRegressor(max_depth=20, max_features='auto', min_samples_leaf=10,
                      random_state=1720330021), DecisionTreeRegressor(max_depth=20, max_features='auto', min_samples_leaf=10,
                      random_state=731611077), DecisionTreeRegressor(max_depth=20, max_features='auto', min_samples_leaf=10,
                      random_state=1369950277), DecisionTreeRegressor(max_depth=20, max_features='auto', min_samples_leaf=10,
                      random_state=32945120), DecisionTreeRegressor(max_depth=20, max_features='auto', min_samples_leaf=10,
                      random_state=1920803105), DecisionTreeRegressor(max_depth=20, max_features='auto', min_samples_leaf=10,
                      random_state=1516426476), DecisionTreeRegressor(max_depth=20, max_features='auto', min_samples_leaf=10,
                      random_state=1798338720), DecisionTreeRegressor(max_depth=20, max_features='auto', min_samples_leaf=10,
                      random_state=333862023), DecisionTreeRegressor(max_depth=20, max_features='auto', min_samples_leaf=10,
                      random_state=1347951330), DecisionTreeRegressor(max_depth=20, max_features='auto', min_samples_leaf=10,
                      random_state=1503384630), DecisionTreeRegressor(max_depth=20, max_features='auto', min_samples_leaf=10,
                      random_state=146359979), DecisionTreeRegressor(max_depth=20, max_features='auto', min_samples_leaf=10,
                      random_state=1291682382), DecisionTreeRegressor(max_depth=20, max_features='auto', min_samples_leaf=10,
                      random_state=1904271977), DecisionTreeRegressor(max_depth=20, max_features='auto', min_samples_leaf=10,
                      random_state=659185095), DecisionTreeRegressor(max_depth=20, max_features='auto', min_samples_leaf=10,
                      random_state=1934621490), DecisionTreeRegressor(max_depth=20, max_features='auto', min_samples_leaf=10,
                      random_state=1362260030), DecisionTreeRegressor(max_depth=20, max_features='auto', min_samples_leaf=10,
                      random_state=1316798539), DecisionTreeRegressor(max_depth=20, max_features='auto', min_samples_leaf=10,
                      random_state=1029828904)]